{
  "autoHealthItemPanel1": {
    "max": 75,
    "enabled": false,
    "min": 0,
    "item": 9625
  },
  "autoHelpMessage": "hi",
  "combobot": {
    "attackSpellEnabled": false,
    "attackLeaderTargetEnabled": false,
    "shootLeader": "",
    "onCastEnabled": false,
    "serverLeaderTarget": false,
    "item": 3155,
    "commandsEnabled": true,
    "onSayEnabled": false,
    "attack": "",
    "enabled": false,
    "spell": "",
    "onShootEnabled": false,
    "attackItemToggle": false,
    "followLeaderEnabled": false,
    "serverEnabled": false,
    "sayPhrase": "",
    "serverTriggers": true,
    "serverLeader": "",
    "sayLeader": "",
    "follow": "",
    "castLeader": ""
  },
  "Combo5Text": "Hakke Kuhekisho",
  "foodItems": [
    {
      "id": 3582,
      "count": 6
    }
  ],
  "Combo3Text": "Hakke Rokujuuyonshou",
  "ingame_hotkeys": "macro(1, 'virar target', function()\n if not g_game.isAttacking() then return end\n local tt = g_game.getAttackingCreature()\n local tx = tt:getPosition().x\n local ty = tt:getPosition().y\n local dir = player:getDirection()\n local tdx = math.abs(tx-pos().x)\n local tdy = math.abs(ty-pos().y)\n if (tdy >= 2 and tdx >= 2) or tdx > 7 or tdy > 7 then return end \n if tdy >= tdx then\n  if ty > pos().y then\n   if dir ~= 2 then\n    return turn(2)\n   end\n  else\n   if dir ~= 0 then\n    return turn(0)\n   end\n  end\n else\n  if tx > pos().x then\n   if dir ~= 1 then\n    return turn(1)\n   end\n  else\n   if dir ~= 3 then\n    return turn(3)\n   end\n  end\n end\nend)\n\nlocal healingSpell = 'Big Regeneration'\nlocal hpPercent = 80\nmacro(50, \"faster healing\",  function()\n  if (hppercent() <= hpPercent) then\n    say(healingSpell) \n  end\nend)\n\nbuffs= macro(1000, \"Buff\", function()\nif not hasPartyBuff() and not isInPz() then\n say(storage.buff)\nschedule(1200, function() say(storage.buff2) end)\nend\nend)\n\naddIcon(\"Buff\", {outfit={mount=849,feet=10,legs=10,body=178,type=85,auxType=0,addons=3,head=48}, text=\"Buff\"},buffs)\n\n\naddTextEdit(\"buff\", storage.buff or \"buff\", function(widget, text) storage.buff = text\nend)\n\n        color= UI.Label(\"Buff 2:\",hpPanel4)\ncolor:setColor(\"green\")\n\n\naddTextEdit(\"buff2\", storage.buff2 or \"buff 2\", function(widget, text) storage.buff2 = text\nend)\n\nmacro(60000, \"Auto Save\", function()\n  say('!save')\nend)\n\nlocal dash, distancia = false, 2\naddIcon(\"SetOnOff\", {item={id=10765, count=1}, switchable=true}, function(widget, enabled)\n  if enabled then dash = true else dash = false end\nend)\n\naddIcon(\"SetDistance\", {text=\"Dist = \"..distancia, switchable=true}, function(widget, enabled)\n  distancia = (distancia == 7 and 2 or distancia + 1)\n  info(distancia)\nend)\n\nonKeyPress(function(keys)\n    local c = {\n        ['W'] = {0, -5}, ['D'] = {5, 0}, ['S'] = {0, 5}, ['A'] = {-5, 0},\n        ['Up'] = {0, -5}, ['Right'] = {5, 0}, ['Down'] = {0, 5}, ['Left'] = {-5, 0},\n    }\n    if dash and c[keys] ~= nil then\n        local posJogador = player:getPosition()\n        posJogador.x = posJogador.x + c[keys][1]\n        posJogador.y = posJogador.y + c[keys][2]\n        local verificarPiso = g_map.getTile(posJogador)\n        if verificarPiso then\n            local usarDash = verificarPiso:getTopUseThing()\n            if usarDash then\n                g_game.use(usarDash)\n            end\n        end\n    end\nend)\nUI.Separator()\n--[[Esconder Nomes Laranjas da tela]]--\nTH = macro(100, \"esconder msg laranja\", function() end)\nonStaticText(function(thing, text)\n    if TH.isOff() then return end\n    if not text:find('says:') then\n        g_map.cleanTexts()\n    end\nend)\n\n\n--[[esconder MAGIAS(SPRITES)]]--\nsprh = macro(100, \"esconder sprite\", function() end)\nonAddThing(function(tile, thing)\n    if sprh.isOff() then return end\n    if thing:isEffect() then\n        thing:hide()\n    end\nend)",
  "isUsing": false,
  "clearing": false,
  "buff": "hakke juuken",
  "playerList": {
    "enemyList": [

    ],
    "outfits": false,
    "friendList": [

    ],
    "marks": false,
    "blackList": [

    ],
    "groupMembers": true
  },
  "ComboText": "",
  "alarms": {
    "playerDetected": false,
    "healthValue": 40,
    "manaValue": 50,
    "playerAttack": false,
    "manaBelow": false,
    "healthBelow": false,
    "playerDetectedLogout": false,
    "enabled": false,
    "creatureDetected": false,
    "privateMessage": false
  },
  "Combo4Text": "Hakke Hyakunijuuhachishou",
  "_macros": {
    "": true,
    "Buff": true,
    "Money": true,
    "Auto Haste": false,
    "Anti-Push": false,
    "faster healing": false,
    "Sense Target": false,
    "Anti Paralyze": false,
    "Combo": true,
    "esconder sprite": false,
    "Monstro Hp %": false,
    "virar target": false,
    "Eat Food": false,
    "Bug Map": false,
    "esconder msg laranja": true,
    "Follow Attack": false,
    "Auto Save": false,
    "Dance": false
  },
  "buff2": "",
  "_icons": {
    "SetDistance": {
      "y": 0.071830985915493,
      "enabled": false,
      "x": 0.053450608930988
    },
    "SetOnOff": {
      "y": 0.10985915492958,
      "enabled": false,
      "x": 0.018267929634641
    },
    "buffz": {
      "y": 0.0014084507042254,
      "enabled": false,
      "x": 0.039242219215156
    },
    "Buff": {
      "y": 0,
      "enabled": true,
      "x": 0.0094722598105548
    },
    "Combo": {
      "y": 0.17887323943662,
      "enabled": true,
      "x": 0.010148849797023
    },
    "Sense": {
      "y": 0.16478873239437,
      "enabled": false,
      "x": 0.049391069012179
    }
  },
  "_configs": {
    "cavebot_configs": {
      "enabled": false,
      "selected": "AHAHAHAHAHAHAHH"
    },
    "targetbot_configs": {
      "enabled": true,
      "selected": "others"
    }
  },
  "healing4": {
    "max": 50,
    "title": "HP%",
    "min": 0,
    "on": false,
    "text": "fuga"
  },
  "Combo2Text": "Hakke Sho Kuushou",
  "manatrainer": {
    "max": 100,
    "title": "mana%",
    "min": 0,
    "on": true,
    "text": "Chakra Down"
  },
  "autoHealthPanel1": {
    "max": 90,
    "item": 266,
    "enabled": true,
    "min": 0,
    "text": "big regeneration"
  },
  "autoHealthItemPanel2": {
    "max": 65,
    "enabled": false,
    "min": 0,
    "item": 9447
  },
  "autoHasteText": "Concentrate Chakra Feet",
  "autofollow": {
    "player": ""
  },
  "autoManaItemPanel1": {
    "max": 60,
    "item": 0,
    "min": 0
  },
  "advancedFriendHealer": {
    "spellHeal": true,
    "minFriendHp": 40,
    "id": 3160,
    "spellName": "exura sio",
    "distance": 8,
    "itemHeal": true,
    "minMana": 60
  },
  "autoAntiParalyzeText": "Concentrate Chakra Feet",
  "autoTradeMessage": "hi ",
  "Combo1Text": "",
  "healing3": {
    "max": 100,
    "title": "HP%",
    "min": 51,
    "on": true,
    "text": "Chakra Feet"
  }
}